Keyword,Score
included,0.21002814753429158
safety,0.16399909537537968
designated,0.15641899206309517
