Keyword,Score
site,0.12179461647130807
secure,0.12623624932878558
process,0.12674782037846727
appropriate,0.1313493422476973
operate,0.14152424602371524
requires,0.1534922850083232
design,0.15645497831531843
safety,0.16403438718770563
include,0.210080846766565
